Descrição dos alimentos;Energia(kcal);Carboidrato(g);Lipídeos(g);Proteína(g)
Arroz, integral, cozido;124;25,8;1,0;2,6
Arroz, integral, cru;360;77,5;1,9;7,3
Arroz, tipo 1, cozido;128;28,1;0,2;2,5
Arroz, tipo 1, cru;358;78,8;0,3;7,2
Arroz, tipo 2, cozido;130;28,2;0,4;2,6
Arroz, tipo 2, cru;358;78,9;0,3;7,2
Aveia, flocos, crua;394;66,6;8,5;13,9
Biscoito, doce, maisena;443;75,2;12,0;8,1
Biscoito, doce, recheado com chocolate;472;70,5;19,6;6,4
Biscoito, doce, recheado com morango;471;71,0;19,6;5,7
Biscoito, doce, wafer, recheado de chocolate;502;67,5;24,7;5,6
Biscoito, doce, wafer, recheado de morango;513;67,4;26,4;4,5
Biscoito, salgado, cream cracker;432;68,7;14,4;10,1
Bolo, mistura para;419;84,7;6,1;6,2
Bolo, pronto, aipim;324;47,9;12,7;4,4
Bolo, pronto, chocolate;410;54,7;18,5;6,2
Bolo, pronto, coco;333;52,3;11,3;5,7
Bolo, pronto, milho;311;45,1;12,4;4,8
Canjica, branca, crua;358;78,1;1,0;7,2
Canjica, com leite integral;112;23,6;1,2;2,4
Cereais, milho, flocos, com sal;370;80,8;1,6;7,3
Cereais, milho, flocos, sem sal;363;80,4;1,2;6,9
Cereais, mingau, milho, infantil;394;87,3;1,1;6,4
Cereais, mistura para vitamina, trigo, cevada e aveia;381;81,6;2,1;8,9
Cereal matinal, milho;365;83,8;1,0;7,2
Cereal matinal, milho, açúcar;377;88,8;0,7;4,7
Creme de arroz, pó;386;83,9;1,2;7,0
Creme de milho, pó;333;86,1;1,6;4,8
Curau, milho verde;78;13,9;1,6;2,4
Curau, milho verde, mistura para;402;79,8;13,4;2,2
Farinha, de arroz, enriquecida;363;85,5;0,3;1,3
Farinha, de centeio, integral;336;73,3;1,8;12,5
Farinha, de milho, amarela;351;79,1;1,5;7,2
Farinha, de rosca;371;75,8;1,5;11,4
Farinha, de trigo;360;75,1;1,4;9,8
Farinha, láctea, de cereais;415;77,8;5,8;11,9
Lasanha, massa fresca, cozida;164;32,5;1,2;5,8
Lasanha, massa fresca, crua;220;45,1;1,3;7,0
Macarrão, instantâneo;436;62,4;17,2;8,8
Macarrão, trigo, cru;371;77,9;1,3;10,0
Macarrão, trigo, cru, com ovos;371;76,6;2,0;10,3
Milho, amido, cru;361;87,1;Tr;0,6
Milho, fubá, cru;353;78,9;1,9;7,2
Milho, verde, cru;138;28,6;0,6;6,6
Milho, verde, enlatado, drenado;98;17,1;2,4;3,2
Mingau tradicional, pó;373;89,3;0,4;0,6
Pamonha, barra para cozimento, pré-cozida;171;30,7;4,8;2,6
Pão, aveia, forma;343;59,6;5,7;12,4
Pão, de soja;309;56,5;3,6;11,3
Pão, glúten, forma;253;44,1;2,7;12,0
Pão, milho, forma;292;56,4;3,1;8,3
Pão, trigo, forma, integral;253;49,9;3,7;9,4
Pão, trigo, francês;300;58,6;3,1;8,0
Pão, trigo, sovado;311;61,5;2,8;8,4
Pastel, de carne, cru;289;42,0;8,8;10,7
Pastel, de carne, frito;388;43,8;20,1;10,1
Pastel, de queijo, cru;308;45,9;9,6;9,9
Pastel, de queijo, frito;422;48,1;22,7;8,7
Pastel, massa, crua;310;57,4;5,5;6,9
Pastel, massa, frita;570;49,3;40,9;6,0
Pipoca, com óleo de soja, sem sal;448;70,3;15,9;9,9
Polenta, pré-cozida;103;23,3;0,3;2,3
Torrada, pão francês;377;74,6;3,3;10,5
Abóbora, cabotian, cozida;48;10,8;0,7;1,4
Abóbora, cabotian, crua;39;8,4;0,5;1,7
Abóbora, menina brasileira, crua;14;3,3;Tr;0,6
Abóbora, moranga, crua;12;2,7;0,1;1,0
Abóbora, moranga, refogada;29;6,0;0,8;0,4
Abóbora, pescoço, crua;24;6,1;0,1;0,7
Abobrinha, italiana, cozida;15;3,0;0,2;1,1
Abobrinha, italiana, crua;19;4,3;0,1;1,1
Abobrinha, italiana, refogada;24;4,2;0,8;1,1
Abobrinha, paulista, crua;31;7,9;0,1;0,6
Acelga, crua;21;4,6;0,1;1,4
Agrião, cru;17;2,3;0,2;2,7
Aipo, cru;19;4,3;0,1;0,8
Alface, americana, crua;9;1,7;0,1;0,6
Alface, crespa, crua;11;1,7;0,2;1,3
Alface, lisa, crua;14;2,4;0,1;1,7
Alface, roxa, crua;13;2,5;0,2;0,9
Alfavaca, crua;29;5,2;0,5;2,7
Alho, cru;113;23,9;0,2;7,0
Alho-poró, cru;32;6,9;0,1;1,4
Almeirão, cru;18;3,3;0,2;1,8
Almeirão, refogado;65;5,7;4,8;1,7
Batata, baroa, cozida;80;18,9;0,2;0,9
Batata, baroa, crua;101;24,0;0,2;1,0
Batata, doce, cozida;77;18,4;0,1;0,6
Batata, doce, crua;118;28,2;0,1;1,3
Batata, frita, tipo chips, industrializada;543;51,2;36,6;5,6
Batata, inglesa, cozida;52;11,9;Tr;1,2
Batata, inglesa, crua;64;14,7;Tr;1,8
Batata, inglesa, frita;267;35,6;13,1;5,0
Batata, inglesa, sauté;68;14,1;0,9;1,3
Berinjela, cozida;19;4,5;0,1;0,7
Berinjela, crua;20;4,4;0,1;1,2
Beterraba, cozida;32;7,2;0,1;1,3
Beterraba, crua;49;11,1;0,1;1,9
Biscoito, polvilho doce;438;80,5;12,2;1,3
Brócolis, cozido;25;4,4;0,5;2,1
Brócolis, cru;25;4,0;0,3;3,6
Cará, cozido;78;18,9;0,1;1,5
Cará, cru;96;23,0;0,1;2,3
Caruru, cru;34;6,0;0,6;3,2
Catalonha, crua;24;4,8;0,3;1,9
Catalonha, refogada;63;4,8;4,8;2,0
Cebola, crua;39;8,9;0,1;1,7
Cebolinha, crua;20;3,4;0,4;1,9
Cenoura, cozida;30;6,7;0,2;0,8
Cenoura, crua;34;7,7;0,2;1,3
Chicória, crua;14;2,9;0,1;1,1
Chuchu, cozido;19;4,8;Tr;0,4
Chuchu, cru;17;4,1;0,1;0,7
Coentro, folhas desidratadas;309;48,0;10,4;20,9
Couve, manteiga, crua;27;4,3;0,5;2,9
Couve, manteiga, refogada;90;8,7;6,6;1,7
Couve-flor, crua;23;4,5;0,2;1,9
Couve-flor, cozida;19;3,9;0,3;1,2
Espinafre, Nova Zelândia, cru;16;2,6;0,2;2,0
Espinafre, Nova Zelândia, refogado;67;4,2;5,4;2,7
Farinha, de mandioca, crua;361;87,9;0,3;1,6
Farinha, de mandioca, torrada;365;89,2;0,3;1,2
Farinha, de puba;360;87,3;0,5;1,6
Fécula, de mandioca;331;81,1;0,3;0,5
Feijão, broto, cru;39;7,8;0,1;4,2
Inhame, cru;97;23,2;0,2;2,1
Jiló, cru;27;6,2;0,2;1,4
Jurubeba, crua;126;23,1;3,9;4,4
Mandioca, cozida;125;30,1;0,3;0,6
Mandioca, crua;151;36,2;0,3;1,1
Mandioca, farofa, temperada;406;80,3;9,1;2,1
Mandioca, frita;300;50,3;11,2;1,4
Manjericão, cru;21;3,6;0,4;2,0
Maxixe, cru;14;2,7;0,1;1,4
Mostarda, folha, crua;18;3,2;0,2;2,1
Nhoque, batata, cozido;181;36,8;1,9;5,9
Nabo, cru;18;4,1;0,1;1,2
Palmito, juçara, em conserva;23;4,3;0,4;1,8
Palmito, pupunha, em conserva;29;5,5;0,5;2,5
Pão, de queijo, assado;363;34,2;24,6;5,1
Pão, de queijo, cru;295;38,5;14,0;3,6
Pepino, cru;10;2,0;Tr;0,9
Pimentão, amarelo, cru;28;6,0;0,4;1,2
Pimentão, verde, cru;21;4,9;0,2;1,1
Pimentão, vermelho, cru;23;5,5;0,1;1,0
Polvilho, doce;351;86,8;Tr;0,4
Quiabo, cru;30;6,4;0,3;1,9
Rabanete, cru;14;2,7;0,1;1,4
Repolho, branco, cru;17;3,9;0,1;0,9
Repolho, roxo, cru;31;7,2;0,1;1,9
Repolho, roxo, refogado;42;7,6;1,2;1,8
Rúcula, crua;13;2,2;0,1;1,8
Salsa, crua;33;5,7;0,6;3,3
Seleta de legumes, enlatada;57;12,7;0,4;3,4
Serralha, crua;30;4,9;0,7;2,7
Taioba, crua;34;5,4;0,9;2,9
Tomate, com semente, cru;15;3,1;0,2;1,1
Tomate, extrato;61;15,0;0,2;2,4
Tomate, molho industrializado;38;7,7;0,9;1,4
Tomate, purê;28;6,9;Tr;1,4
Tomate, salada;21;5,1;Tr;0,8
Vagem, crua;25;5,3;0,2;1,8
Abacate, cru;96;6,0;8,4;1,2
Abacaxi, cru;48;12,3;0,1;0,9
Abacaxi, polpa, congelada;31;7,8;0,1;0,5
Abiu, cru;62;14,9;0,7;0,8
Açaí, polpa, com xarope de guaraná e glucose;110;21,5;3,7;0,7
Açaí, polpa, congelada;58;6,2;3,9;0,8
Acerola, crua;33;8,0;0,2;0,9
Acerola, polpa, congelada;22;5,5;Tr;0,6
Ameixa, calda, enlatada;183;46,9;Tr;0,4
Ameixa, crua;53;13,9;Tr;0,8
Ameixa, em calda, enlatada, drenada;177;47,7;0,3;1,0
Atemóia, crua;97;25,3;0,3;1,0
Banana, da terra, crua;128;33,7;0,2;1,4
Banana, doce em barra;280;75,7;0,1;2,2
Banana, figo, crua;105;27,8;0,1;1,1
Banana, maçã, crua;87;22,3;0,1;1,8
Banana, nanica, crua;92;23,8;0,1;1,4
Banana, ouro, crua;112;29,3;0,2;1,5
Banana, pacova, crua;78;20,3;0,1;1,2
Banana, prata, crua;98;26,0;0,1;1,3
Cacau, cru;74;19,4;0,1;1,0
Cajá-Manga, cru;46;11,4;Tr;1,3
Cajá, polpa, congelada;26;6,4;0,2;0,6
Caju, cru;43;10,3;0,3;1,0
Caju, polpa, congelada;37;9,4;0,2;0,5
Caju, suco concentrado, envasado;45;10,7;0,2;0,4
Caqui, chocolate, cru;71;19,3;0,1;0,4
Carambola, crua;46;11,5;0,2;0,9
Ciriguela, crua;76;18,9;0,4;1,4
Cupuaçu, cru;49;10,4;1,0;1,2
Cupuaçu, polpa, congelada;49;11,4;0,6;0,8
Figo, cru;41;10,2;0,2;1,0
Figo, enlatado, em calda;184;50,3;0,2;0,6
Fruta-pão, crua;67;17,2;0,2;1,1
Goiaba, branca, com casca, crua;52;12,4;0,5;0,9
Goiaba, doce em pasta;269;74,1;0,0;0,6
Goiaba, doce, cascão;286;78,7;0,1;0,4
Goiaba, vermelha, com casca, crua;54;13,0;0,4;1,1
Graviola, crua;62;15,8;0,2;0,8
Graviola, polpa, congelada;38;9,8;0,1;0,6
Jabuticaba, crua;58;15,3;0,1;0,6
Jaca, crua;88;22,5;0,3;1,4
Jambo, cru;27;6,5;0,1;0,9
Jamelão, cru;41;10,6;0,1;0,5
Kiwi, cru;51;11,5;0,6;1,3
Laranja, baía, crua;45;11,5;0,1;1,0
Laranja, baía, suco;37;8,7;Tr;0,7
Laranja, da terra, crua;51;12,9;0,2;1,1
Laranja, da terra, suco;41;9,6;0,1;0,7
Laranja, lima, crua;46;11,5;0,1;1,1
Laranja, lima, suco;39;9,2;0,1;0,7
Laranja, pêra, crua;37;8,9;0,1;1,0
Laranja, pêra, suco;33;7,6;0,1;0,7
Laranja, valência, crua;46;11,7;0,2;0,8
Laranja, valência, suco;36;8,6;0,1;0,5
Limão, cravo, suco;14;5,2;Tr;0,3
Limão, galego, suco;22;7,3;0,1;0,6
Limão, tahiti, cru;32;11,1;0,1;0,9
Maçã, Argentina, com casca, crua;63;16,6;0,2;0,2
Maçã, Fuji, com casca, crua;56;15,2;Tr;0,3
Macaúba, crua;404;13,9;40,7;2,1
Mamão, doce em calda, drenado;196;54,0;0,1;0,2
Mamão, Formosa, cru;45;11,6;0,1;0,8
Mamão, Papaia, cru;40;10,4;0,1;0,5
Mamão verde, doce em calda, drenado;209;57,6;0,1;0,3
Manga, Haden, crua;64;16,7;0,3;0,4
Manga, Palmer, crua;72;19,4;0,2;0,4
Manga, polpa, congelada;48;12,5;0,2;0,4
Manga, Tommy Atkins, crua;51;12,8;0,2;0,9
Maracujá, cru;68;12,3;2,1;2,0
Maracujá, polpa, congelada;39;9,6;0,2;0,8
Maracujá, suco concentrado, envasado;42;9,6;0,2;0,8
Melancia, crua;33;8,1;Tr;0,9
Melão, cru;29;7,5;Tr;0,7
Mexerica, Murcote, crua;58;14,9;0,1;0,9
Mexerica, Rio, crua;37;9,3;0,1;0,7
Morango, cru;30;6,8;0,3;0,9
Nêspera, crua;43;11,5;Tr;0,3
Pequi, cru;205;13,0;18,0;2,3
Pêra, Park, crua;61;16,1;0,2;0,2
Pêra, Williams, crua;53;14,0;0,1;0,6
Pêssego, Aurora, cru;36;9,3;Tr;0,8
Pêssego, enlatado, em calda;63;16,9;Tr;0,7
Pinha, crua;88;22,4;0,3;1,5
Pitanga, crua;41;10,2;0,2;0,9
Pitanga, polpa, congelada;19;4,8;0,1;0,3
Romã, crua;56;15,1;Tr;0,4
Tamarindo, cru;276;72,5;0,5;3,2
Tangerina, Poncã, crua;38;9,6;0,1;0,8
Tangerina, Poncã, suco;36;8,8;Tr;0,5
Tucumã, cru;262;26,5;19,1;2,1
Umbu, cru;37;9,4;Tr;0,8
Umbu, polpa, congelada;34;8,8;0,1;0,5
Uva, Itália, crua;53;13,6;0,2;0,7
Uva, Rubi, crua;49;12,7;0,2;0,6
Uva, suco concentrado, envasado;58;14,7;Tr;Tr
Azeite, de dendê;884;;100,0;
Azeite, de oliva, extra virgem;884;;100,0;
Manteiga, com sal;726;0,1;82,4;0,4
Manteiga, sem sal;758;0,0;86,0;0,4
Margarina, com óleo hidrogenado, com sal (65% de lipídeos);596;0,0;67,4;Tr
Margarina, com óleo hidrogenado, sem sal (80% de lipídeos);723;0,0;81,7;Tr
Margarina, com óleo interesterificado, com sal (65%de lipídeos);594;0,0;67,2;Tr
Margarina, com óleo interesterificado, sem sal (65% de lipídeos);593;0,0;67,1;Tr
Óleo, de babaçu;884;;100,0;
Óleo, de canola;884;;100,0;
Óleo, de girassol;884;;100,0;
Óleo, de milho;884;;100,0;
Óleo, de pequi;884;;100,0;
Óleo, de soja;884;;100,0;
Abadejo, filé, congelado, assado;112;0,0;1,2;23,5
Abadejo, filé, congelado,cozido;91;0,0;0,9;19,3
Abadejo, filé, congelado, cru;59;0,0;0,4;13,1
Abadejo, filé, congelado, grelhado;130;0,0;1,3;27,6
Atum, conserva em óleo;166;0,0;6,0;26,2
Atum, fresco, cru;118;0,0;0,9;25,7
Bacalhau, salgado, cru;136;0,0;1,3;29,0
Bacalhau, salgado, refogado;140;1,2;3,6;24,0
Cação, posta, com farinha de trigo, frita;208;3,1;10,0;25,0
Cação, posta, cozida;116;0,0;0,7;25,6
Cação, posta, crua;83;0,0;0,8;17,9
Camarão, Rio Grande, grande, cozido;90;0,0;1,0;19,0
Camarão, Rio Grande, grande, cru;47;0,0;0,5;10,0
Camarão, Sete Barbas, sem cabeça, com casca, frito;231;2,9;15,6;18,4
Caranguejo, cozido;83;0,0;0,4;18,5
Corimba, cru;128;0,0;6,0;17,4
Corimbatá, assado;261;0,0;19,6;19,9
Corimbatá, cozido;239;0,0;16,9;20,1
Corvina de água doce, crua;101;0,0;2,2;18,9
Corvina do mar, crua;94;0,0;1,6;18,6
Corvina grande, assada;147;0,0;3,6;26,8
Corvina grande, cozida;100;0,0;2,6;23,4
Dourada de água doce, fresca;131;0,0;5,6;18,8
Lambari, congelado, cru;131;0,0;6,5;16,8
Lambari, congelado, frito;327;0,0;22,8;28,4
Lambari, fresco, cru;152;0,0;9,4;15,7
Manjuba, com farinha de trigo, frita;344;10,2;22,6;23,5
Manjuba, frita;349;0,0;24,5;30,1
Merluza, filé, assado;122;0,0;0,9;26,6
Merluza, filé, cru;89;0,0;2,0;16,6
Merluza, filé, frito;192;0,0;8,5;26,9
Pescada, branca, crua;111;0,0;4,6;16,3
Pescada, branca, frita;223;0,0;11,8;27,4
Pescada, filé, com farinha de trigo, frito;283;5,0;19,1;21,4
Pescada, filé, cru;107;0,0;4,0;16,7
Pescada, filé, frito;154;0,0;3,6;28,6
Pescada, filé, molho escabeche;142;5,0;8,0;11,8
Pescadinha, crua;76;0,0;1,1;15,5
Pintado, assado;192;0,0;4,0;36,5
Pintado, cru;91;0,0;1,3;18,6
Pintado, grelhado;152;0,0;2,3;30,8
Porquinho, cru;93;0,0;0,6;20,5
Salmão, filé, com pele, fresco,;60,9;85;23,9;957
Salmão, sem pele, fresco, cru;170;0,0;9,7;19,3
Salmão, sem pele, fresco, grelhado;243;0,0;14,5;26,1
Sardinha, assada;164;0,0;3,0;32,2
Sardinha, conserva em óleo;285;0,0;24,0;15,9
Sardinha, frita;257;0,0;12,7;33,4
Sardinha, inteira, crua;114;0,0;2,7;21,1
Tucunaré, filé, congelado, cru;88;0,0;1,2;18,0
Apresuntado;129;2,9;6,7;13,5
Caldo de carne, tablete;241;15,1;16,6;7,8
Caldo de galinha, tablete;251;10,6;20,4;6,3
Carne, bovina, acém, moído, cozido;212;0,0;10,9;26,7
Carne, bovina, acém, moído, cru;137;0,0;5,9;19,4
Carne, bovina, acém, sem gordura, cozido;215;0,0;10,9;27,3
Carne, bovina, acém, sem gordura, cru;144;0,0;6,1;20,8
Carne, bovina, almôndegas, cruas;189;9,8;11,2;12,3
Carne, bovina, almôndegas, fritas;272;14,3;15,8;18,2
Carne, bovina, bucho, cozido;133;0,0;4,5;21,6
Carne, bovina, bucho, cru;137;0,0;5,5;20,5
Carne, bovina, capa de contra-filé, com gordura, crua;217;0,0;15,0;19,2
Carne, bovina, capa de contra-filé, com gordura, grelhada;312;0,0;20,0;30,7
Carne, bovina, capa de contra-filé, sem gordura, crua;131;0,0;4,3;21,5
Carne, bovina, capa de contra-filé, sem gordura, grelhada;239;0,0;10,0;35,1
Carne, bovina, charque, cozido;263;0,0;11,9;36,4
Carne, bovina, charque, cru;249;0,0;16,8;22,7
Carne, bovina, contra-filé, à milanesa;352;12,2;24,0;20,6
Carne, bovina, contra-filé de costela, cru;202;0,0;13,1;19,8
Carne, bovina, contra-filé de costela, grelhado;275;0,0;16,3;29,9
Carne, bovina, contra-filé, com gordura, cru;206;0,0;12,8;21,2
Carne, bovina, contra-filé, com gordura, grelhado;278;0,0;15,5;32,4
Carne, bovina, contra-filé, sem gordura, cru;157;0,0;6,0;24,0
Carne, bovina, contra-filé, sem gordura, grelhado;194;0,0;4,5;35,9
Carne, bovina, costela, assada;373;0,0;27,7;28,8
Carne, bovina, costela, crua;358;0,0;31,8;16,7
Carne, bovina, coxão duro, sem gordura, cozido;217;0,0;8,9;31,9
Carne, bovina, coxão duro, sem gordura, cru;148;0,0;6,2;21,5
Carne, bovina, coxão mole, sem gordura, cozido;219;0,0;8,9;32,4
Carne, bovina, coxão mole, sem gordura, cru;169;0,0;8,7;21,2
Carne, bovina, cupim, assado;330;0,0;23,0;28,6
Carne, bovina, cupim, cru;221;0,0;15,3;19,5
Carne, bovina, fígado, cru;141;1,1;5,4;20,7
Carne, bovina, fígado, grelhado;225;4,2;9,0;29,9
Carne, bovina, filé mingnon, sem gordura, cru;143;0,0;5,6;21,6
Carne, bovina, filé mingnon, sem gordura, grelhado;220;0,0;8,8;32,8
Carne, bovina, flanco, sem gordura, cozido;196;0,0;7,8;29,4
Carne, bovina, flanco, sem gordura, cru;141;0,0;6,2;20,0
Carne, bovina, fraldinha, com gordura, cozida;338;0,0;26,0;24,2
Carne, bovina, fraldinha, com gordura, crua;221;0,0;16,1;17,6
Carne, bovina, lagarto, cozido;222;0,0;9,1;32,9
Carne, bovina, lagarto, cru;135;0,0;5,2;20,5
Carne, bovina, língua, cozida;315;0,0;24,8;21,4
Carne, bovina, língua, crua;215;0,0;15,8;17,1
Carne, bovina, maminha, crua;153;0,0;7,0;20,9
Carne, bovina, maminha, grelhada;153;0,0;2,4;30,7
Carne, bovina, miolo de alcatra, sem gordura, cru;163;0,0;7,8;21,6
Carne, bovina, miolo de alcatra, sem gordura, grelhado;241;0,0;11,6;31,9
Carne, bovina, músculo, sem gordura, cozido;194;0,0;6,7;31,2
Carne, bovina, músculo, sem gordura, cru;142;0,0;5,5;21,6
Carne, bovina, paleta, com gordura, crua;159;0,0;7,5;21,4
Carne, bovina, paleta, sem gordura, cozida;194;0,0;7,4;29,7
Carne, bovina, paleta, sem gordura, crua;141;0,0;5,7;21,0
Carne, bovina, patinho, sem gordura, cru;133;0,0;4,5;21,7
Carne, bovina, patinho, sem gordura, grelhado;219;0,0;7,3;35,9
Carne, bovina, peito, sem gordura, cozido;338;0,0;27,0;22,2
Carne, bovina, peito, sem gordura, cru;259;0,0;20,4;17,6
Carne, bovina, picanha, com gordura, crua;213;0,0;14,7;18,8
Carne, bovina, picanha, com gordura, grelhada;289;0,0;19,5;26,4
Carne, bovina, picanha, sem gordura, crua;134;0,0;4,7;21,3
Carne, bovina, picanha, sem gordura, grelhada;238;0,0;11,3;31,9
Carne, bovina, seca, cozida;313;0,0;21,9;26,9
Carne, bovina, seca, crua;313;0,0;25,4;19,7
Coxinha de frango, frita;283;34,5;11,8;9,6
Croquete, de carne, cru;246;13,9;15,6;12,0
Croquete, de carne, frito;347;18,1;22,7;16,9
Empada de frango, pré-cozida, assada;358;47,5;15,6;6,9
Empada, de frango, pré-cozida;377;35,5;22,9;7,3
Frango, asa, com pele, crua;213;0,0;15,1;18,1
Frango, caipira, inteiro, com pele, cozido;243;0,0;15,6;23,9
Frango, caipira, inteiro, sem pele, cozido;196;0,0;7,7;29,6
Frango, coração, cru;222;0,0;18,6;12,6
Frango, coração, grelhado;207;0,6;12,1;22,4
Frango, coxa, com pele, assada;215;0,1;10,4;28,5
Frango, coxa, com pele, crua;161;0,0;9,8;17,1
Frango, coxa, sem pele, cozida;167;0,0;5,8;26,9
Frango, coxa, sem pele, crua;120;0,0;4,9;17,8
Frango, fígado, cru;106;0,0;3,5;17,6
Frango, filé, à milanesa;221;7,5;7,8;28,5
Frango, inteiro, com pele, cru;226;0,0;17,3;16,4
Frango, inteiro, sem pele, assado;187;0,0;7,5;28,0
Frango, inteiro, sem pele, cozido;170;0,0;7,1;25,0
Frango, inteiro, sem pele, cru;129;0,0;4,6;20,6
Frango, peito, com pele, assado;212;0,0;7,6;33,4
Frango, peito, com pele, cru;149;0,0;6,7;20,8
Frango, peito, sem pele, cozido;163;0,0;3,2;31,5
Frango, peito, sem pele, cru;119;0,0;3,0;21,5
Frango, peito, sem pele, grelhado;159;0,0;2,5;32,0
Frango, sobrecoxa, com pele, assada;260;0,0;15,2;28,7
Frango, sobrecoxa, com pele, crua;255;0,0;20,9;15,5
Frango, sobrecoxa, sem pele, assada;233;0,0;12,0;29,2
Frango, sobrecoxa, sem pele, crua;162;0,0;9,6;17,6
Hambúrguer, bovino, cru;215;4,2;16,2;13,2
Hambúrguer, bovino, frito;258;6,3;17,0;20,0
Hambúrguer, bovino, grelhado;210;11,3;12,4;13,2
Lingüiça, frango, crua;218;0,0;17,4;14,2
Lingüiça, frango, frita;245;0,0;18,5;18,3
Lingüiça, frango, grelhada;244;0,0;18,4;18,2
Lingüiça, porco, crua;227;0,0;17,6;16,1
Lingüiça, porco, frita;280;0,0;21,3;20,5
Lingüiça, porco, grelhada;296;0,0;21,9;23,2
Mortadela;269;5,8;21,6;12,0
Peru, congelado, assado;163;0,0;5,7;26,2
Peru, congelado, cru;94;0,0;1,8;18,1
Porco, bisteca, crua;164;0,0;8,0;21,5
Porco, bisteca, frita;311;0,0;18,5;33,7
Porco, bisteca, grelhada;280;0,0;17,4;28,9
Porco, costela, assada;402;0,0;30,3;30,2
Porco, costela, crua;256;0,0;19,8;18,0
Porco, lombo, assado;210;0,0;6,4;35,7
Porco, lombo, cru;176;0,0;8,8;22,6
Porco, orelha, salgada, crua;258;0,0;19,9;18,5
Porco, pernil, assado;262;0,0;13,9;32,1
Porco, pernil, cru;186;0,0;11,1;20,1
Porco, rabo, salgado, cru;377;0,0;34,5;15,6
Presunto, com capa de gordura;128;1,4;6,8;14,4
Presunto, sem capa de gordura;94;2,1;2,7;14,3
Quibe, assado;136;12,9;2,7;14,6
Quibe, cru;109;10,8;1,7;12,4
Quibe, frito;254;12,3;15,8;14,9
Salame;398;2,9;30,6;25,8
Toucinho, cru;593;0,0;60,3;11,5
Toucinho, frito;697;0,0;64,3;27,3
Bebida láctea, pêssego;55;7,6;1,9;2,1
Creme de Leite;221;4,5;22,5;1,5
Iogurte, natural;51;1,9;3,0;4,1
Iogurte, natural, desnatado;41;5,8;0,3;3,8
Iogurte, sabor abacaxi;*;*;*;*
Iogurte, sabor morango;70;9,7;2,3;2,7
Iogurte, sabor pêssego;68;9,4;2,3;2,5
Leite, condensado;313;57,0;6,7;7,7
Leite, de cabra;66;5,2;3,8;3,1
Leite, de vaca, achocolatado;83;14,2;2,2;2,1
Leite, de vaca, desnatado, pó;362;53,0;0,9;34,7
Leite, de vaca, desnatado, UHT;*;*;*;*
Leite, de vaca, integral;*;*;*;*
Leite, de vaca, integral, pó;497;39,2;26,9;25,4
Leite, fermentado;70;15,7;0,1;1,9
Queijo, minas, frescal;264;3,2;20,2;17,4
Queijo, minas, meia cura;321;3,6;24,6;21,2
Queijo, mozarela;330;3,0;25,2;22,6
Queijo, parmesão;453;1,7;33,5;35,6
Queijo, pasteurizado;303;5,7;27,4;9,4
Queijo, petit suisse, morango;121;18,5;2,8;5,8
Queijo, prato;360;1,9;29,1;22,7
Queijo, requeijão, cremoso;257;2,4;23,4;9,6
Queijo, ricota;140;3,8;8,1;12,6
Bebida isotônica, sabores variados;26;6,4;0,0;0,0
Café, infusão 10%;9;1,5;0,1;0,7
Cana, aguardente 1;902;Tr;Tr;
Cana, caldo de;65;18,2;Tr;Tr
Cerveja, pilsen 2;41;3,3;Tr;0,6
Chá, erva-doce, infusão 5%;1;0,4;0,0;0,0
Chá, mate, infusão 5%;3;0,6;0,1;0,0
Chá, preto, infusão 5%;2;0,6;0,0;0,0
Coco, água de;22;5,3;0,0;0,0
Refrigerante, tipo água tônica;31;8,0;0,0;0,0
Refrigerante, tipo cola;34;8,7;0,0;0,0
Refrigerante, tipo guaraná;39;10,0;0,0;0,0
Refrigerante, tipo laranja;46;11,8;0,0;0,0
Refrigerante, tipo limão;40;10,3;0,0;0,0
Omelete, de queijo;268;0,4;22,0;15,6
Ovo, de codorna, inteiro, cru;177;0,8;12,7;13,7
Ovo, de galinha, clara, cozida/10minutos;59;0,0;0,1;13,4
Ovo, de galinha, gema, cozida/10minutos;353;1,6;30,8;15,9
Ovo, de galinha, inteiro, cozido/10minutos;146;0,6;9,5;13,3
Ovo, de galinha, inteiro, cru;143;1,6;8,9;13,0
Ovo, de galinha, inteiro, frito;240;1,2;18,6;15,6
Achocolatado, pó;401;91,2;2,2;4,2
Açúcar, cristal;387;99,6;Tr;0,3
Açúcar, mascavo;369;94,5;0,1;0,8
Açúcar, refinado;387;99,5;Tr;0,3
Chocolate, ao leite;540;59,6;30,3;7,2
Chocolate, ao leite, com castanha do Pará;559;55,4;34,2;7,4
Chocolate, ao leite, dietético;557;56,3;33,8;6,9
Chocolate, meio amargo;475;62,4;29,9;4,9
Cocada branca;449;81,4;13,6;1,1
Doce, de abóbora, cremoso;199;54,6;0,2;0,9
Doce, de leite, cremoso;306;59,5;6,0;5,5
Geléia, mocotó, natural;106;24,2;0,1;2,1
Glicose de milho;292;79,4;0,0;0,0
Maria mole;301;73,6;0,2;3,8
Maria mole, coco queimado;307;75,1;0,1;3,9
Marmelada;257;70,8;0,1;0,4
Mel, de abelha;309;84,0;0,0;0,0
Melado;297;76,6;0,0;0,0
Quindim;411;46,3;24,4;4,7
Rapadura;352;90,8;0,1;1,0
Café, pó, torrado;419;65,8;11,9;14,7
Capuccino, pó;417;73,6;8,6;11,3
Fermento em pó, químico;90;43,9;0,1;0,5
Fermento, biológico, levedura, tablete;90;7,7;1,5;17,0
Gelatina, sabores variados, pó;380;89,2;Tr;8,9
Sal, dietético;;;;
Sal, grosso;;;;
Shoyu;61;11,6;0,3;3,3
Tempero a base de sal;21;2,1;0,3;2,7
Azeitona, preta, conserva;194;5,5;20,3;1,2
Azeitona, verde, conserva;137;4,1;14,2;0,9
Chantilly, spray, com gordura vegetal;315;16,9;27,3;0,5
Leite, de coco;166;2,2;18,4;1,0
Maionese, tradicional com ovos;302;7,9;30,5;0,6
Acarajé;289;19,1;19,9;8,3
Arroz carreteiro;154;11,6;7,1;10,8
Baião de dois, arroz e feijão-de-corda;136;20,4;3,2;6,2
Barreado;165;0,2;9,5;18,3
Bife à cavalo, com contra filé;291;0,0;21,1;23,7
Bolinho de arroz;274;41,7;8,3;8,0
Camarão à baiana;101;3,2;6,0;7,9
Charuto, de repolho;78;10,1;1,1;6,8
Cuscuz, de milho, cozido com sal;113;25,3;0,7;2,2
Cuscuz, paulista;142;22,5;4,6;2,6
Cuxá, molho;80;5,7;3,6;5,6
Dobradinha;125;0,0;4,4;19,8
Estrogonofe de carne;173;3,0;10,8;15,0
Estrogonofe de frango;157;2,6;8,0;17,6
Feijão tropeiro mineiro;152;19,6;6,8;10,2
L;117;11,6;6,5;8,7
Frango, com açafrão;113;4,1;6,2;9,7
Macarrão, molho bolognesa;120;22,5;0,9;4,9
Maniçoba;134;3,4;8,7;10,0
Quibebe;86;6,6;2,7;8,6
Salada, de legumes, com maionese;96;8,9;7,0;1,1
Salada, de legumes, cozida no vapor;35;7,1;0,3;2,0
Salpicão, de frango;148;4,6;7,8;13,9
Sarapatel;123;1,1;4,4;18,5
Tabule;57;10,6;1,2;2,0
Tacacá;47;3,4;0,4;7,0
Tapioca, com manteiga;348;63,6;10,9;0,1
Tucupi, com pimenta-de-cheiro;27;4,7;0,3;2,1
Vaca atolada;145;10,1;9,3;5,1
Vatapá;255;9,7;23,2;6,0
Virado à paulista;307;14,1;25,6;10,2
Yakisoba;113;18,3;2,6;7,5
Amendoim, grão, cru;544;20,3;43,9;27,2
Amendoim, torrado, salgado;606;18,7;54,0;22,5
Ervilha, em vagem;88;14,2;0,5;7,5
Ervilha, enlatada, drenada;74;13,4;0,4;4,6
Feijão, carioca, cozido;76;13,6;0,5;4,8
Feijão, carioca, cru;329;61,2;1,3;20,0
Feijão, fradinho, cozido;78;13,5;0,6;5,1
Feijão, fradinho, cru;339;61,2;2,4;20,2
Feijão, jalo, cozido;93;16,5;0,5;6,1
Feijão, jalo, cru;328;61,5;0,9;20,1
Feijão, preto, cozido;77;14,0;0,5;4,5
Feijão, preto, cru;324;58,8;1,2;21,3
Feijão, rajado, cozido;85;15,3;0,4;5,5
Feijão, rajado, cru;326;62,9;1,2;17,3
Feijão, rosinha, cozido;68;11,8;0,5;4,5
Feijão, rosinha, cru;337;62,2;1,3;20,9
Feijão, roxo, cozido;77;12,9;0,5;5,7
Feijão, roxo, cru;331;60,0;1,2;22,2
Grão-de-bico, cru;355;57,9;5,4;21,2
Guandu, cru;344;64,0;2,1;19,0
Lentilha, cozida;93;16,3;0,5;6,3
Lentilha, crua;339;62,0;0,8;23,2
Paçoca, amendoim;487;52,4;26,1;16,0
Pé-de-moleque, amendoim;503;54,7;28,0;13,2
Soja, farinha;404;38,4;14,6;36,0
Soja, extrato solúvel, natural, fluido;39;4,3;1,6;2,4
Soja, extrato solúvel, pó;459;28,5;26,2;35,7
Soja, queijo (tofu);64;2,1;4,0;6,6
Tremoço, cru;381;43,8;10,3;33,6
Tremoço, em conserva;121;12,4;3,8;11,1
Amêndoa, torrada, salgada;581;29,5;47,3;18,6
Castanha-de-caju, torrada, salgada;570;29,1;46,3;18,5
Castanha-do-Brasil, crua;643;15,1;63,5;14,5
Coco, cru;406;10,4;42,0;3,7
Coco,;*;*;*;*
Farinha, de mesocarpo de babaçu, crua;329;79,2;0,2;1,4
Gergelim, semente;584;21,6;50,4;21,2
Linhaça, semente;495;43,3;32,3;14,1
Pinhão, cozido;174;43,9;0,7;3,0
Pupunha, cozida;219;29,6;12,8;2,5
Noz, crua;620;18,4;59,4;14,0
